topic,n_reflections,dominant_cluster,n_clusters_present,dominant_pct
"(1) TIME AND RESOURCE MANAGEMENT: the planning of the building and recording of each member’s individual components

(2) UNDERSTANDING NEEDS AND SETTING GOALS: work distribution and how to overcome absent members.",1.0,18.0,1.0,100.0
-,2.0,6.0,2.0,50.0
"A skill that I have developed throughout this course has been the skill and technique of looking at solutions and determining if it is a realistic solution. I believe this skill is important for engineers to help save on time and resources.

Throughout the development of the RGM project there have been many solutions developed, each with different and unique concepts. While many of these solutions were interesting, I was quick to point out that many of them were not possible due to a variety of factors such as time, complexity, and cost. After some team discussion it was decided that we would use more simple solutions to ensure that the project was completed on time.

Critical thinking is vitally important to engineers throughout all stages of the project. Looking at solutions objectively and with an open mind helps ensure that solutions can be created within the give time frame and budget. While it is important to understand when a solution is achievable, it is just as important to know when a solution is not.",1.0,-1.0,1.0,100.0
"A specific transferable skill that I will be reflection upon is the ability to lead in engineering endeavours. This is applicable not only within the parameters of a learning environment but also relevant in relation to workplace competency. This topic involves a variety of smaller subset skills which may include:

• Defining the solution as well as clarifying problem statement

• Identifying issues ahead of time, problems, or constraints

• Adapting to new concepts so that they may be evolved into solutions

• Creative approach to communicating possible ideas and solutions",1.0,15.0,1.0,100.0
"A transferable skill/employability that im reflecting over is the skill of team work and organisation of members on multiple different schedules,

For the creation of the RGM, i worked in a group of 5 including myself with members who i've had no interaction with in any point in my life. As a group we all colloborated sorting out time frames and meeting convient for each member to allow us to properly communicate our ideas.

We brainstormed out ideas on a file everyone can access at any given time, this allowed us to all work on the project an outline our ideas for our project which everyone can see during the week before we all came together for meetings.

This allowed me to understand the troubles faced in professional jobs such as my current when people are working different schedules constantly and even though we may never be working on the same topic at any given time we still allocate and communicate what is needed from each other to deliver a final end result which allows the project to get done",1.0,15.0,1.0,100.0
"ATTITUDE, THOUGHT AND LEARNING",1.0,3.0,1.0,100.0
Accountability in a Team Operation.,1.0,-1.0,1.0,100.0
Accountability in a team operation,21.0,21.0,7.0,33.3
"Accountability in a team operation

You need to be able to count on every team member to ensure that all work completed is correct and done on time",1.0,-1.0,1.0,100.0
Accountability in team operation,1.0,15.0,1.0,100.0
Advocacy,2.0,-1.0,2.0,50.0
"After studying with Dr. Steven and group C3, I was able to learned a new skillset called communication. Communication helps me to achieved multiple goals from inside and outside study. I learned that communication is one of the most important skill that apply in most of industry including Engineer. This skill helped me to participate in group work, which we able to finish the RGM machine. ",1.0,-1.0,1.0,100.0
"After the progression of the semester, I have developed new skills in conceiving and managing systems engineering skills that have enabled our team to develop unique DISCIPLINARY DESIGNS in a multi-disciplinary project.",1.0,-1.0,1.0,100.0
Allocation of Team/Group Meetings - Accountability in a team operation,1.0,-1.0,1.0,100.0
As I take some time here to reflect on the skills/employability skills that I have been using and developing during my study of engg1050 as a 1st year student. I want to highlight the interpersonal skills of visual communication strategies.,1.0,-1.0,1.0,100.0
"As a first year student, the transferable skill I will be reflecting on is 'Forming effective teams'.",1.0,19.0,1.0,100.0
"As mentioned in my first reflection, my primary goal in this unit was to learn how to work well within a group setting rather than as an individual. This meant that I have focused on my growth in patience and professional behaviour with others, even within uncertain or frustrating scenarios.

What I didn’t mention in my first reflection was that a large part of professional behaviour is being able to interact with other people that I know less about. This means being involved within the wider scope of the whole unit group, and not simply within our own team.",1.0,5.0,1.0,100.0
"Attitudes, Thought and Learning ",1.0,-1.0,1.0,100.0
"Attitudes, thought and learning",55.0,5.0,11.0,23.6
BRAINSTORMING AND DESIGNING AN EFFECTIVE METHOD OF TRANSPORTING GOODS WITHIN THE WORKPLACE.,1.0,-1.0,1.0,100.0
"Being a first year student, I believe an appropriate transferable skill to reflect on is 'Time and Resource management'.",1.0,3.0,1.0,100.0
Brainstorm a 12 part RGM process,1.0,15.0,1.0,100.0
Brainstorm a 12 part RGM process.,1.0,15.0,1.0,100.0
Brainstorm an end goal/creative process,1.0,15.0,1.0,100.0
Brainstorming and finding innovative solutions to issues.,1.0,15.0,1.0,100.0
Brainstorming as a team.,1.0,17.0,1.0,100.0
Brainstorming design ideas/creative process,1.0,15.0,1.0,100.0
Brainstorming new creative solution concepts for complex problems ,1.0,15.0,1.0,100.0
Brainstorming the conceptual design for our rube goldberg machine.,1.0,15.0,1.0,100.0
Brainstorming/group cooperation ,1.0,15.0,1.0,100.0
CREATIVE THINKING AND PROBLEM-SOLVING.,1.0,18.0,1.0,100.0
Collaborate with team members remotely on the same project,1.0,18.0,1.0,100.0
Communcation is key within the team you are assigned too.,1.0,19.0,1.0,100.0
Communication Structure,3.0,19.0,2.0,66.7
Communication and public speaking is a skill that I will be reflecting over as will allow me to conduct myself to my employees in a confident and professional manner,1.0,5.0,1.0,100.0
Communications,16.0,6.0,4.0,43.8
Communications strategy,17.0,5.0,8.0,23.5
Communications structure,25.0,-1.0,4.0,52.0
Communications structure ,1.0,-1.0,1.0,100.0
"Conceiving, systems engineering and management",9.0,-1.0,6.0,33.3
Contemporary issues and values,1.0,15.0,1.0,100.0
Creating new solution concepts,23.0,4.0,7.0,39.1
Creative and Critical Thinking,1.0,17.0,1.0,100.0
Creative idea generation and imagination.,1.0,15.0,1.0,100.0
Creative thinking,50.0,6.0,9.0,32.0
"Creative thinking; as I've struggled with forming ideas, designs and approach to many subjects.",1.0,17.0,1.0,100.0
Critical thinking,117.0,4.0,17.0,35.0
Critical thinking and analysis of possible faults in our RGM designs.,1.0,-1.0,1.0,100.0
Customer needs and market research,13.0,5.0,3.0,61.5
Data driven decision making,6.0,16.0,2.0,83.3
Data-driven decision making,1.0,16.0,1.0,100.0
Dealing with different personalities and communication styles within a team.,1.0,19.0,1.0,100.0
"Defining function, concept and architecture",1.0,6.0,1.0,100.0
Defining the solution,24.0,4.0,7.0,62.5
Designing a sustainable implementation process,1.0,6.0,1.0,100.0
"Designing, prototyping and testing of components.",1.0,-1.0,1.0,100.0
Developing a global perspective,3.0,5.0,2.0,66.7
"Documentation -  (Test, verification, validation, and certification)",1.0,-1.0,1.0,100.0
"ENGG1050 has allowed my team to improve our oral presentation skills through the weekly presentations in preparation for both the final Rube Goldberg Machine presentation and when we need to demonstrate our employability for a future job. Through modifying ideas seen from other groups and adapting to the feedback received, we have been able to create the best presentations possible. We saw how important communicating through oral presentations is as it is the way people share ideas with others and influence their decisions. Our goal was to achieve 100% in our weekly presentation marks and, later on, score highly in our final presentation.",1.0,5.0,1.0,100.0
Effectiveness of Oral Presentations within remote learning - Oral Presentation,1.0,5.0,1.0,100.0
Empathy as a leader,12.0,-1.0,5.0,33.3
Enterprise and business context,1.0,6.0,1.0,100.0
Equity and diversity,13.0,-1.0,1.0,100.0
Equity and diversity and Inclusion,1.0,-1.0,1.0,100.0
Equity and diversity in leadership and managment,3.0,9.0,3.0,33.3
Establishing diverse connections and networking,3.0,6.0,1.0,100.0
"Ethics, integrity and social responsibility",5.0,8.0,5.0,20.0
"Ethics, integrity, and social responsibility",22.0,-1.0,10.0,22.7
Experimental inquiry,9.0,4.0,5.0,55.6
FORMING EFFECTIVE TEAMS,1.0,-1.0,1.0,100.0
Forming Effective Team,1.0,-1.0,1.0,100.0
Forming Effective Teams,2.0,19.0,2.0,50.0
"Forming Effective teams

Communication Structure",1.0,-1.0,1.0,100.0
Forming an effective team,2.0,-1.0,1.0,100.0
"Forming an effective team
Thinking creatively

Identifying an issue, problem or paradox and acting on it",1.0,-1.0,1.0,100.0
Forming effective teams,6.0,-1.0,2.0,66.7
"Forming effective teams to catch up on work, leading to a recovery of time.",1.0,11.0,1.0,100.0
"From week 3 to week 5, the Rube Goldberg Machine (RMG) Project are mostly in concept and design stage. Communication and sharing idea are the necessary actions in the stage. Our teammate came from several respective like electrical engineering, mechanical engineering and cyber security. There is different kind of idea were coming up during the brainstorm. Brainstorm a design mechanism is the transferable skills/employability skill topic I will be reflecting over.",1.0,17.0,1.0,100.0
"Generate ideas to complete a task. 

Think with logic to execute a task.

Use bookish knowledge through experiencing.

Complete a task with teammates in a cooperative way.

Gain experience in a teamwork.",1.0,15.0,1.0,100.0
Giving Oral Presentations and public speaking ,1.0,5.0,1.0,100.0
Global market trends and economic forces,1.0,5.0,1.0,100.0
Holding and Documenting Meetings/Professional Behaviour,1.0,-1.0,1.0,100.0
Hypothesis test and defence,2.0,-1.0,1.0,100.0
"I developed two great skills in this unit which are presenting and socialising it has been great. I saw a need for improving my presentation and socialising skill and this unit has absolutely helped with it. I attended every lecture that Simon posted and it made it easier for me to make improvements. all the other students helped me with it, they helped me with making my goal clear for the presentation. I assessed our machine but still had some doubts about it and this made it even harder, but all my team members cleared up the doubts and made it easier.",1.0,15.0,1.0,100.0
I took on a leadership role within the group and led a team building exercise where each member said one strength and weakness. I felt this was a good way for the team to get to know one another and become more comfortable speaking within the group.,1.0,-1.0,1.0,100.0
"I will base my second reflection on the INITIATIVE AND THE WILLINGNESS TO MAKE DECISIONS IN THE FACE OF UNCERTAINTY; from two different approaches: as a group and as an individual.

When it comes to teamwork, my biggest challenge is not being able to be in control of every task. Logically, this brings along uncertainty: how, when, and how much will the rest work?

However, contribution and initiative are also expected from me as a part of a group.
 ",1.0,20.0,1.0,100.0
"I will be reflecting on my ability to combine self agency with a cooperative group focused mindset. Through the semester we have been work in groups to complete a major project and a number of group presentations which has forced me to improve my ability to work in a group. At the beginning of this semester I hadn't had to work in a group for such a large amount of time and with this much work with people I've never met before. What I've learned is that when the group firsts form the number one goal should be to do break ice as soon as possible, a team can't work effectively together if everyone is to shy to speak the groups workflow and output improves massively when the team feels comfortable around each other. I've also learned to combine my own personal self agency with this though as working with people you don't know it's always safe to ensure that work gets done by stepping up to check on others as well as completing your own work to build trust between you and your team members. Working in a team of strangers presents a number of potential issues but through the semester I've learned that by building team trust through off topic conversations and taking an active role can greatly improve the work output.   ",1.0,5.0,1.0,100.0
I will be reflecting on my communication skills.,1.0,-1.0,1.0,100.0
I will be reflecting on my own and my group's attitude towards assigned roles and the tasks at hand.,1.0,-1.0,1.0,100.0
I will be reflecting on the topic of brainstorm creative process of a mechanism design ,1.0,15.0,1.0,100.0
I will be reflecting on the topic of the design process phasing and approaches of a mechanism design ,1.0,12.0,1.0,100.0
I will be reflecting on transferable skills such as taking accountability in a team operation and communications structure as our team learned to face challenges and develop these skills.,1.0,-1.0,1.0,100.0
I will be reflecting over Brain storming. Its an activity in which a group of people meet and give and discuss ideas for solving an issue or for development.,1.0,-1.0,1.0,100.0
I will be reflecting over Brain storming. Its an activity in which a group of people meet and give and discuss ideas to for solving an issue or development.,1.0,15.0,1.0,100.0
I will be reflecting over self-marketing and self-promoting skills which are skills that are discussed in the ENGG1050 unit and will be transferable skills for future employment. ,1.0,-1.0,1.0,100.0
"I will be reflecting over teamwork and communication, or interpersonal skills as a whole as it is always something I have felt that I could improve upon that is vital for my future studies and professional career.",1.0,19.0,1.0,100.0
I will be reflecting over the importance of accountability in a team operation.,1.0,-1.0,1.0,100.0
I will be reflecting over the important skill of effective teamwork and communication as part of a team or group. ,1.0,15.0,1.0,100.0
I will be reflecting over the time and resource management skills that I have learned throughout this unit.,1.0,-1.0,1.0,100.0
I will be reflecting over time management and organization skills which are skills that I have utilised in the ENGG1050 unit and will be transferable skills for future employment. ,1.0,11.0,1.0,100.0
"I will be reflecting over time management, productivity, and learning which are both personal and professional skill attributes.",1.0,3.0,1.0,100.0
"I will be reflecting upon the topic-

Interpersonal skills: teamwork and communication

As this unit is focused more on teamwork and communicating with tutors and other team members in order to get the project done .",1.0,-1.0,1.0,100.0
I will be taking this time to reflect on skills and employability skills that I have been using and developing throughout my study of Engg1050 as a first-year student. I will reflect particularly on my interpersonal skill of communications structure.,1.0,-1.0,1.0,100.0
I'm reflecting over the skill of adaptability when applying theoretical ideas in a practical setting.,1.0,-1.0,1.0,100.0
"IDENTIFYING THE ISSUE, PROBLEM, OR PARADOX",1.0,-1.0,1.0,100.0
INITIATIVE AND THE WILLINGNESS TO MAKE DECISIONS IN THE FACE OF UNCERTAINTY.,1.0,5.0,1.0,100.0
INNOVATION PROCESS,1.0,15.0,1.0,100.0
"Identifying the issue, problem, or paradox",3.0,16.0,3.0,33.3
"Identifying the issue, problem, or paradox/Accountability in a team operation",1.0,19.0,1.0,100.0
Implementation management,1.0,-1.0,1.0,100.0
Importance of accountability,23.0,-1.0,8.0,30.4
Importances of diversity,2.0,-1.0,2.0,50.0
Improved personal and professional skills and attributes over the course of the previous weeks.,1.0,-1.0,1.0,100.0
"In the last couple weeks of this unit, my team and I had achieved our goal to turn on a kettle for our RGM project. As of right now we have most of our actions recorded and will soon be editing all of the actions in one whole video. We are also in the stage of finalising our final presentation that will go through all of our processes and explanation of our RGM. Overall I am pleased that my team and I had worked very well to achieve our goals.",1.0,18.0,1.0,100.0
"In the starting weeks of this unit, my team and I had brainstormed a creative process which its end goal is to turn on a kettle. So basically in this RGM, we have 12 actions and each action must last at least for 3 seconds and after the series of actions it will lead to turning on a kettle.",1.0,17.0,1.0,100.0
"Initiative and the willingness to make decisions are transferable skills that I will be reflecting over.

At the start of this unit, I was finding it difficult to take initiative or speak out during our meetings. Everyone was hesitant in speaking up, so the first few weeks it was difficult to communicate with each other. I started contributing a little a bit as time went and slowly everyone else followed. 

The way I improved this skill was to pick a topic or item we were looking at and talk about what I wanted and thought was good for our project. Slowly I realised it was not difficult in talking and now every meeting I do not have any difficulties.",1.0,15.0,1.0,100.0
Initiative and the willingness to make decisions in the face of uncertainty,46.0,-1.0,13.0,26.1
Initiative and the willingness to make decisions in the face of uncertainty.,2.0,17.0,2.0,50.0
Intellectual property and patent law,8.0,5.0,1.0,100.0
Interpersonal Skills: Teamwork and Communication,1.0,18.0,1.0,100.0
Interpersonal skills in particular Written Communication ,1.0,-1.0,1.0,100.0
"Interpersonal skills with relation to teamwork and communication is the area of transferable skills as a topic that I will be reflecting upon. This includes a variety of subset skills such as:

• Building effective teams 

• Accountability and responsibility 

• Visual communications strategy 

• General communications structure and style

• Written communication 

• Ability to manage situations

• Problem solving and resilience 

• Oral presentation 

• The innovation processes 

• Roles and responsibility of engineers",1.0,19.0,1.0,100.0
"Interpersonal skills, teamwork and communication: ORAL PRESENTATION.",1.0,5.0,1.0,100.0
Interpersonal skills: Teamwork and communication.,1.0,-1.0,1.0,100.0
Interpersonal skills: teamwork and communication,154.0,-1.0,17.0,32.5
"LEADERSHIP; I took on the role of the main leader for my group which lead to team management skills, communication skills, conflict management, and decision-making.",1.0,12.0,1.0,100.0
"LEADING ENGINEERING ENDEAVOURS: 

Thinking creatively and communicating possibilities",1.0,15.0,1.0,100.0
Leading engineering endeavours,10.0,-1.0,5.0,60.0
Leading engineering endeavours: Thinking creatively and communicating possibilities,1.0,-1.0,1.0,100.0
Leading engineering endevours / Thinking creatively and communicating possibilities.,1.0,-1.0,1.0,100.0
Learning the skills to effectively communicate and organise a team to complete a series of difficult tasks,1.0,19.0,1.0,100.0
Lifelong learning and educating,10.0,1.0,7.0,20.0
Managing Scheduling/Deadlines,1.0,-1.0,1.0,100.0
Managing Team Conflict,1.0,17.0,1.0,100.0
Managing good TIME AND RESOURCE MANAGEMENT in a team.,1.0,18.0,1.0,100.0
Mission driven leading,4.0,-1.0,3.0,50.0
"My reflection will be based on the ability to take initiative and the will to make decisions in the face of uncertainty; considering the challenge of being able to communicate in an orderly manner and respecting the contribution of others.

ENG1050 was my first encounter with engineering at Macquarie University, as an exchange student I was introduced not only to new academic knowledge but also to a new education system and culture. My initial fears were based on the fact of knowing whether I was going to understand the content of the unit, if my previous education was enough to cover the requirements.
The biggest challenge for me personally was to communicate my thoughts and ideas given the language barrier. Consequently, if I wanted to have an active role in my group and contribute as I was required to do so; I needed to get out my comfort zone and express myself.",1.0,-1.0,1.0,100.0
"Negotiation, compromise and conflict resolution",10.0,22.0,4.0,40.0
"Negotiation, compromise, and conflict resolution",13.0,-1.0,7.0,30.8
Oral Presentation,2.0,5.0,1.0,100.0
Oral Presentation of group C13's work to Posse C,1.0,5.0,1.0,100.0
Oral Presentations,1.0,5.0,1.0,100.0
Oral presentation,78.0,5.0,6.0,83.3
"Perseverance, urgency and will to deliver, resourcefulness and flexibility",80.0,3.0,16.0,25.0
"Perseverance, urgency and will to deliver, resourcefulness and flexibility is the topic I choose to reflect over based on what happened in Week 5's presentation. The rush situation of changing the content of the presentation before showing it to the Posse room A in front of about 100 people. ",1.0,5.0,1.0,100.0
"Perseverance, urgency and will to deliver, resourcefulness and flexibility. ",1.0,18.0,1.0,100.0
"Perseverance, urgency, and will to
deliver, resourcefulness and flexibility",1.0,5.0,1.0,100.0
Personal and professional skills and attributes: CREATIVE THINKING.,1.0,15.0,1.0,100.0
Personal and professional skills and attributes: TIME AND RESOURCE MANAGEMENT,1.0,-1.0,1.0,100.0
"Personal social responsibility is the employability skill topic that I have learn during this unit. Other than teamwork and communication, building our own professional brand and development is the main purpose of ENG1050.",1.0,5.0,1.0,100.0
"Potential tops:

	* Equity and diversity and Inclusion

	* Critical thinking

	* Forming effective teams

	* Thinking creatively and communicating possibilities

Best topic:

I will specifically look into the topic of equity , diversity and inclusion.",1.0,12.0,1.0,100.0
"Potential tops:

	* Equity and diversity and Inclusion

	* Critical thinking

	* Forming effective teams

	* Thinking creatively and communicating possibilities

Best topic:

The topic I will focus on will be FORMING EFFECTIVE TEAMS as I feel that it is a very important point in the workplace.",1.0,19.0,1.0,100.0
Prioritisation and focus,52.0,3.0,8.0,36.5
Prioritization and focus,12.0,3.0,3.0,66.7
Professional behaviour,34.0,-1.0,15.0,23.5
Professional behaviour ,1.0,6.0,1.0,100.0
Professional presentations to an audience. ,1.0,5.0,1.0,100.0
Reflecting on taking initiative and the willingness to make decisions in the face of uncertainty.,1.0,-1.0,1.0,100.0
"Reflection on:

INTERPERSONAL SKILLS: TEAMWORK AND COMMUNICATION ",1.0,19.0,1.0,100.0
Reproducibility,1.0,15.0,1.0,100.0
Roles and responsibility of engineers,36.0,-1.0,12.0,33.3
Roles and responsibility of engineers.,1.0,5.0,1.0,100.0
SELF MANAGEMENT OF TIME AND RESOURCES,1.0,-1.0,1.0,100.0
SKILL/SUBJECT REFLECTED ON: Accountability in a team operation and design brainstorming.,1.0,15.0,1.0,100.0
"SKILL/SUBJECT REFLECTED ON: 

Resource management, understanding needs and setting goals.",1.0,15.0,1.0,100.0
"Self-awareness, metacognition and knowledge integration",1.0,-1.0,1.0,100.0
"Self-awareness, metacognition, and knowledge integration",7.0,1.0,6.0,28.6
Society's regulation of engineering,1.0,7.0,1.0,100.0
Solving Pain Points,31.0,2.0,6.0,45.2
TEAM WORK AND COMMUNICATION. Every employee should be able to work in teams effectively. Forming an effective team where everyone can be counted on can be the difference between failure and success.  ,1.0,5.0,1.0,100.0
THE DESIGN PROCESS PHASING AND APPROACHES,1.0,-1.0,1.0,100.0
THE TRANSFERABLE SKILLS TOPIC I WILL BE REFLECTING OVER IS MY EXPERIENCE WITH LEARNING TO TAKE INITIATIVE WITHIN A TEAM ENVIRONMENT AND DISPLAY LEADERSHIP QUALITIES.,1.0,-1.0,1.0,100.0
TIME AND RESOURCE MANAGEMENT AND UNDERSTANDING NEEDS AND SETTING GOALS.,1.0,3.0,1.0,100.0
"TOPIC FOR REFLECTION

Today the skills/employability topic I will be addressing is team communication. I will describe how team members improved communication by organising meetings and setting up various strategies.",1.0,-1.0,1.0,100.0
TOPIC: Leading engineering endeavours,1.0,8.0,1.0,100.0
TOPIC: Thinking Creatively and Communicating Possibilities / Oral Presentation,1.0,5.0,1.0,100.0
TOPIC: Time and resource management,1.0,-1.0,1.0,100.0
TRANSFERABLE SKILL: How to manage deadlines in a group setting.,1.0,-1.0,1.0,100.0
"TRANSFERABLE SKILL: Working as a team but, specifically, being able to identify and utilise team members' talents and weaknesses as a group leader.",1.0,11.0,1.0,100.0
"TRANSFERABLE SKILLS are vital as they overlap and are essential for success in different industries and occupations as they provide beneficial outcomes for individuals who adopt them. A transferable skill that I have personally had to develop through the second half of the semester is ‘perseverance, urgency and will to deliver, resourcefulness and flexibility’. As a full time student at Macquarie University, part time worker in the workforce, multidisciplinary sportsman, time is often found to be more valuable as balancing so many things along with a social life and trying to excel in all is quite a challenge for some.

During ENGG1050 being able to persevere, have urgency and a will to deliver, while being resourceful and flexible is beneficial as I am part of a team with individuals I have connected with over the last 11 weeks. I have a responsibility in the team to carry my work load and carry out my tasks and assist my teammates to the best of my ability. Being resourceful and flexible has especially been important when constructing my actions for the RGM. As testing was done and issues in some actions reliability became apparent, and adjustments to some actions needed to be made, being resourceful and flexible in a sense to allow for adaptation to the challenge presented was vital to maintain the momentum our team have leading up to the final weeks of the semester.",1.0,-1.0,1.0,100.0
Team leadership,34.0,-1.0,8.0,41.2
"Team member management. 

Managing members of a team who are not meeting expectations and how to work with them to achieve that outcome that best serves everyone.",1.0,21.0,1.0,100.0
Teamwork and communication.,1.0,-1.0,1.0,100.0
"Teamwork that creates attitudes, thought and learning",1.0,-1.0,1.0,100.0
Technological advancements and their implications,9.0,-1.0,4.0,55.6
"Test, verification and validation",1.0,16.0,1.0,100.0
"Test, verification, validation, and certification",2.0,-1.0,2.0,50.0
"The Transferable skills/employability skills I will will be reflecting over are, roles and responsibilities of engineers and creating new solution concepts. ",1.0,16.0,1.0,100.0
The ability to construct an initial design that is reliable and complex through critical thinking and logical analysis,1.0,17.0,1.0,100.0
The ability to think creatively and communicate possibilities will be reflected upon.,1.0,17.0,1.0,100.0
"The creative process I am reflecting is Interpersonal Skills: teamwork and communication, which encompasses working in a team, communicating ideas and working to achieve shared goals. The process of working in a team can be distressing as team members vary in their communication skills so sometimes it is hard to brainstorm ideas, communicate necessary information and assigning roles. Teamwork is all about collaboration, each team member should be able to work efficiently and complete their assigned tasks, whilst keeping active communication with the team. The entire has team be aware of what each team member is doing so for example, if someone is taking the minutes every team member has the responsibility of checking the minutes pdf and making sure everything is appropriate and the document is ready for submission. Moreover, team members must also hold a consistent meetings with each other in order to ensure that progress is being made and the project is actively getting closer to completion, as well as making sure the project is defect free.",1.0,18.0,1.0,100.0
The design process phasing and approaches,19.0,15.0,5.0,36.8
"The goal is to find a design mechanism that is best according to the task. The creative process involves critical thinking and problem-solving skills.

As a Team leader and team worker, all your skills need to be reflected. From what you are confident in and what skills you are stronger in. All of these reflections need to be assessed and collaborated. Brainstorming is a very important skill to have. Brainstorming encourages open and ongoing collaboration to solve problems and generate innovative ideas. Brainstorming helps teams by creating lots of ideas quickly which then can be refined to create the solution to the problem or task.",1.0,-1.0,1.0,100.0
The impact of engineering on society and the environment,20.0,9.0,6.0,50.0
The innovation process,4.0,6.0,1.0,100.0
The innovation processes,25.0,10.0,9.0,28.0
"The main skills that i will be reflecting over are creative thinking, reproducibility and oral presentation.",1.0,-1.0,1.0,100.0
The most prominent transferable skill that has stood out within my group is reflecting over is ACCOUNTABILITY IN A TEAM'S OPERATION.,1.0,-1.0,1.0,100.0
"The skill that I will mainly be reflecting over is, Time and resource management.",1.0,-1.0,1.0,100.0
"The skill that I will mainly be reflecting over is, having accountability in a team operation.",1.0,-1.0,1.0,100.0
The skill topic that I will be reflecting on is creative thinking and resource management.,1.0,-1.0,1.0,100.0
"The skill/attribute that I will be reflecting on is teamwork and communication, and forming an effective team.",1.0,19.0,1.0,100.0
"The skills that I will be referring to in my responses are listed below:

INTERPERSONAL SKILLS: 

	* Teamwork and communication, 
	* Forming effective teams 
	* Accountability in a team operation

COMMUNICATION : 

	* Visual communications strategy  
	* Communications structure",1.0,-1.0,1.0,100.0
"The skills that I will be referring to in my responses are listed below:

Interpersonal skills:

·         teamwork and communication

·         Visual communications strategy

·         Communications structure

·         Written communication

·         Oral presentation",1.0,19.0,1.0,100.0
The topic I have chose to reflect on is critical thinking.,1.0,15.0,1.0,100.0
"The topic I have chosen to reflect on is ""Initiative and the willingness to make decisions in the face of uncertainty"". In the workplace it is critical to have a natural desire to work hard to achieve goals set out. It is very important as it can drive business decisions which can benefit or hurt the task at hand. Currently, I am working with my group B15 coming up with creative ideas for our project. I feel like I have demonstrated an adequate understanding over the transferable skill in general however I feel like I can improve. In situations where we have many ideas presented I should take more initiative and make a team decision. This way I can further develop my professional skills. Reasons for myself wanting to improve this skill is because I have creative ideas but scared it may clash with a colleagues causing workplace dispute.  ",1.0,15.0,1.0,100.0
"The topic I have chosen to reflect on is 'The design process phasing and approaches'. My group B15 has to design an RGM project. This task requires immense amount of communication, teamwork and effort in order to be successful. When in the design and approach phase it is a critical skill to have when apply for jobs especially in the engineering field. I feel comfortable with my design skills as I believe I am very creative when it comes to brainstorming ideas. However, I truly believe that I can improve my way of approach, meaning that rather than throwing out random creative ideas, I should logically plan my responses which ultimately will benefit my group B15.",1.0,17.0,1.0,100.0
The topic I've chosen to reflect on is ‘Innovating an apparatus and implementing new solution concepts',1.0,15.0,1.0,100.0
The topic that I will be reflecting over are visual communications strategies. The use of Miro as a place to present and organise ideas has been a great learning experience and will continue to be in the future. I believe my learning about the usefulness of positioning and structure of presentable information can be credited to this software. It can also elevate me in workspace and allow for easier communication between my colleagues and I.,1.0,15.0,1.0,100.0
"The topics I have chosen to engage with during this reflection have been helpful to develop and communicate with my team members in the previous weeks while effectively improving our RGM components. These concepts and topics like the design process and testing / verification were necessary for good progress development and the use of time or energy management was quite vital in these past couple of weeks as a busy schedule increases towards the end of semester, this lets me not get too exhausted physically and mentally as I complete the tasks.",1.0,17.0,1.0,100.0
"The topics and skills I have engaged with throughout this reflection that I believe were useful in the previous weeks of this course were the use of thinking creatively and communicating possibilities. I also believe that forming effective teams, written communication and oral presentation would be vital skills in this industry as it allows for a very thought out and well-formulated design process to function efficiently.",1.0,15.0,1.0,100.0
"The topics that I will be reflecting on are:

	* Oral Presentation
	* Understanding needs and setting goals
	* Professtional Behaviors 
	* Time and resource management",1.0,17.0,1.0,100.0
The transferable employability/ skill topic that I will be reflecting over is my time and resource management abilities. ,1.0,11.0,1.0,100.0
The transferable skill I have gained from this project is the ability to formally convey activities and ideas and express them in standard written form. This has allowed me to create written communication skills that can be utilised within my employment.,1.0,5.0,1.0,100.0
"The transferable skill I have recognised to be a significant competency and will reflect over is identifying an issue, problem, or paradox in any circumstance. ",1.0,-1.0,1.0,100.0
"The transferable skill I will be focusing on is transparency, accountability and collaboration in a team operation within the context of the Rube Goldberg Machine project.",1.0,-1.0,1.0,100.0
The transferable skill I will reflect on is oral presentation.,1.0,5.0,1.0,100.0
The transferable skill topic I will be reflecting on is forming an effective team.,1.0,-1.0,1.0,100.0
The transferable skill topic I will be reflecting on is the ability to manage schedules between responsibilities.,1.0,3.0,1.0,100.0
The transferable skill which I will be reflecting over is creating new solution concepts,1.0,-1.0,1.0,100.0
The transferable skill/ employability skill that i will be reflecting over is my critical thinking abilities. ,1.0,15.0,1.0,100.0
"The transferable skill/employability skill topic i will be reflecting over is teamwork. I believe teamwork is one of the skills that has been a focus during this unit, as it is looking over how you contribute with a team, communicate, work effectively with new people, how to work together in a online environment and many more. This a skill that can be useful in the future when your working in a big project as an engineer. 

During my time with my team B3 it has been a learning experience for all of us. At the start of course everyone was really nervous as we are meeting new faces and were not sure what they will act, if we will have a good relationship or trust one another. But as we got use to the environment and later get to know each other our relationship became stronger and i started to notice because of that we work really well with one another and we all fair share our work at the task at hand. Working together in a online environment is different compared to working together face to face but this puts us to the test to see our strengths and weakness and to improve on them since in the future you may never know that one day you will be needing to work on a project at home together as team. I learned that developing this skill will be useful as it will make me prepared on working together with other people in the future and make me more aware of situations to deal with. ",1.0,17.0,1.0,100.0
"The transferable skill/employability skill topic i will be reflecting over is teamwork. I believe teamwork is one of the skills that has been a focus during this unit, as it is looking over how you contribute with a team, communicate, work effectively with new people, how to work together in a online environment and many more. This skill is very important and crucial as an engineer if you are working in a big project as it can grant you experience with contributing effectively with your partners. I chose this transferable skill as i have noticed occurring a lot during my time with my team and in this unit as well. As it is has been a crucial skill needed for the tasks that we are required to do every week. ",1.0,18.0,1.0,100.0
The transferable skill/employability skill topic that will be reflected on is communication. ,1.0,21.0,1.0,100.0
The transferable skills / employability skill topic I will be reflecting over is the utilisation of brainstorming in order to obtain multiple event ideas for a Rube Goldberg Machine (RGM) and the evaluation of the brainstorming session.,1.0,17.0,1.0,100.0
The transferable skills / employability skill topic I will be reflecting over is the utilisation of time and resource management.,1.0,3.0,1.0,100.0
"The transferable skills I will be reflecting over include working in teams and taking accountability in a team operation, creative thinking as well as time and resource management.",1.0,15.0,1.0,100.0
"The transferable skills/employability skill topic I will be reflecting on is ""The design process phasing and approaches"".",1.0,16.0,1.0,100.0
"The transferable skills/employability skill topic I will be reflecting on is ""Thinking creatively and communicating possibilities"".",1.0,15.0,1.0,100.0
The transferable skills/employability skill topic I will be reflecting over is Creative Thinking.,1.0,17.0,1.0,100.0
The transferable skills/employability skill topic I will be reflecting over is Critical Thinking.,1.0,17.0,1.0,100.0
The transferable skills/employability skill topic I will be reflecting over is communication.,1.0,19.0,1.0,100.0
The transferable skills/employability skills I have gained during the process of the making of the RBM is creative thinking.,1.0,15.0,1.0,100.0
"The transferable/employability skill that i will be reflecting on is ‘Forming effective teams’. 

During this first half of the semester, my group A8 have performed exceptionally well in getting to know each other and working together with each other in order to complete any assigned tasks, as well as gather ideas for our RGM Project.

We all made sure that each and every one of us was participating equally to complete the tasks, by assigning a person with a different role each week (either Minute Taker, Chair Person or Presenter), and also by checking up on each other to see whether or not that task was completed and if they needed any help with their task.

An important factor for all of us to successfully build our relationship as a team was for us to first get-to-know each other. This was approached by creating a Team Charter during our first workshop, in which we listed down our long term goals – such as achieving professionalism within our group, maintaining a positive relationship with each other, becoming better presenters and leaders, and upholding a level of high quality of work throughout the semester as a group – as well as our personal goals that we wanted to accomplish by the end of the unit – which includes: Contributing fairly to the group work, learning new skills professional/interpersonal skills from our team members and actively learning from each other.

By listing down these goals, we were able to all have the same common purpose. This gave us a sense of direction of how we would all work together and gave us responsibilities that we needed to fulfil.

Regularly reviewing our group’s performance during our past workshops with our tutors was also a factor that lead to forming an effective team. After the presenter of our group has presented their work to the tutor room, our Minute Taker would record down the feedback given to us. Along with this feedback, the feedback given for our team reflection and minutes would also be collected and with all of this, we would look over them and discuss how we could improve for the upcoming weeks.

This technique has significantly improved our presentations later on in the semester, as we were more confident and prepared, however, we did not bring as-much significance in this technique for our Minutes. We should have focused more on improving our Minutes for each week, in order to achieve our best possible outcome.

As well as tutor’s feedback, we lacked giving each other constructive criticism. In order for us to maintain being an effective team, it is important to give each other feedback on how we performed during our workshop and during our private weekly meetings. This will allow for all of us to improve our contribution to the group, as well as improve our employability skills for the future (in the workplace environment and in other units at Macquarie University).

Another thing our group could improve on, in order for us to be an effective team, is by giving us each other rewards, or words of compliments. We need to maintain enthusiasm within the upcoming weeks and by complimenting each other, and bringing recognition to the good work that a group member has done, this will no-doubt keep up the enthusiasm and passion will have to complete the RGM Project.

Overall, my group has performed well in showing how we can form an effective team, with our strengths being communication, maintaining a weekly schedule and contributing fairly to the group work.",1.0,-1.0,1.0,100.0
Thinking creatively and communicating possibilities,26.0,17.0,5.0,26.9
Thinking creatively and communicating possibilities.,1.0,15.0,1.0,100.0
Thinking holistically,3.0,15.0,3.0,33.3
This assessment task has developed my creative thinking ability both in the design of the RGM and handling working with a new team. Working with a new team has caused me to have to creatively think of ways we can bond work and handle situations. The RGM task has enabled me to have the opportunity to run wild with ideas and be inspired by the resources I can find available to me ,2.0,19.0,1.0,100.0
"This reflection will be on 'Accountability in a team's operation'. Specifically, this requires the team to follow through on its commitments, to finish projects. on time, and to meet goals/deadlines.",1.0,20.0,1.0,100.0
"This unit has expanded and enhanced almost every skill represented on the professional development PDF. Having already received an internship and thus entering the engineering workforce I take any opportunity to improve my professional skills extremely seriously. In my previous reflection I discussed how my initiative and willingness to make decisions in the face of uncertainty had been significantly improved throughout Engg 1050. Furthermore, I gave insight into how this course has improved my professional behaviour and the need for any individual to understand goals and boundaries. Today I will continue my discussion of the transferable skills that I have gained by demonstrating how I have gained insight into the need for; 

_ACCOUNTABILITY IN A TEAM OPERATION_

This skill has been challenged and enhanced throughout Engg 1050 due to the team nature of our task. This skill is essential in any workplace as it cultivates a team that understands the expectations of the brief while allowing for individual creative expression and aims to improve communication throughout. I strive to continue to improve on my accountability within teams throughout my journey into the workforce and throughout my university course. ",1.0,21.0,1.0,100.0
"Throughout this topic we have learned multiple useful skills that employers will look for. Certainly a major one would be communication and being able to express ones ideas. Another skill would be again from the teamwork aspect, as we had to coordinate group meetings, so we had to learn how to reorganise aspects of our daily life as we were all fairly busy individuals. We also spent a large amount of time brainstorming ideas, and from that we would sort through those and eliminate ones which wouldnt work, and sought to adapt the ones that would to fit the roles we wanted more appropriately.",1.0,-1.0,1.0,100.0
"Throughout this unit a have enhanced almost every skill represented on the professional development pdf, every one in itself a vital aspect of engineers within industry and as an individual who has already actively entered the industry and received and internship I take improving ever one of those aspects extremely seriously. However as i cannot talk about every single one the three main ones I would like to discuss are.

_INITIATIVE AND WILLINGNESS TO MAKE DECISIONS IN THE FACE OF UNCERTAINTY. _

_
_

_PROFESSIONAL BEHAVIOUR.  _

_
_

_AND…_

_UNDERSTANDING NEEDS AND SETTING GOALS. _

_
_

All three of these aspects are essential for me moving into the workforce and are vitally important in being a essential member within a team setting. All three of these I actively work on throughout all of my classes not only ENGG1050 and will continue to develop throughout my university career. ",1.0,-1.0,1.0,100.0
Time Management,1.0,-1.0,1.0,100.0
Time and Resource Management,7.0,3.0,3.0,42.9
Time and Resource Managment,1.0,-1.0,1.0,100.0
Time and resource management,180.0,3.0,15.0,32.2
Time and resource management is an important aspect to reflect upon as it links to many key processes in the innovation process to the end of a project. If neglected upon can be disastrous and if maintained will help easily complete the project.,1.0,12.0,1.0,100.0
Time and resource management.,2.0,3.0,1.0,100.0
Time and resource management ,1.0,13.0,1.0,100.0
"Trade-offs, judgment, and balance in resolution",13.0,3.0,5.0,46.2
"Trade-offs, judgment, and balance in resolution.",1.0,15.0,1.0,100.0
"Transferable skills are vital as they overlap into different industries and occupations and provide beneficial outcomes for individuals. Creating good habits is a transferable skill which can be vital to an individual's development personally and professionally. Throughout ENGG1050 I have grown as an individual based on the habit creating methods discussed by tutors. The adoption of James Clear's - Cue --> Response --> Reward methodology has allowed me to create good habits that have assisted me in becoming more organised, feeling more motivated -- while creating discipline in all realms of life. The philosophy of instant gratification vs delayed gratification has made an impact on the way I now view tasks. Understanding that small changes everyday, even 1%, make a huge difference in the long run has allowed me to trust the process, even when results are instant I can be confident that these small 1% changes will pay off in the long run. This mentality that I am striving to continually improve on is a transferable skill that I can carry through personal and professional envious in the future",1.0,-1.0,1.0,100.0
"Transferable skills are vital as they overlap into different industries and occupations and provide beneficial outcomes for individuals. Creating good habits is a transferable skill which can be vital to an individual's development personally and professionally. Throughout ENGG1050 I have grown as an individual based on the habit creating methods discussed by tutors. The adoption of James Clear's - Cue --> Response --> Reward methodology has allowed me to create good habits that have assisted me in becoming more organised, feeling more motivated -- while creating discipline in all realms of life. The philosophy of instant gratification vs delayed gratification made an impact on the way I now view tasks. Understanding that small changes everyday, even 1%, make a huge difference in the long run has allowed me to trust the process, even when results are instant I can be confident that these small 1% changes will pay off in the long run. This mentality that I am striving to continually improve on is a transferable skill that I can carry through personal and professional envious in the future.",1.0,-1.0,1.0,100.0
Transferable skills/employability skill: Understanding needs and setting goals,1.0,18.0,1.0,100.0
Understanding Needs and Setting Goals,1.0,18.0,1.0,100.0
Understanding everyone's situation and communicating.,1.0,-1.0,1.0,100.0
Understanding needs and setting goals,14.0,6.0,4.0,78.6
"Understanding needs and setting goals

Creating new solution concepts",1.0,-1.0,1.0,100.0
"Understanding needs and setting goals, which is a simple concept that allowed me to progress in my studies that can involve creating multiple small goals for a big task to allow me to satisfy the needs.",1.0,-1.0,1.0,100.0
Understanding needs and setting goals.,1.0,-1.0,1.0,100.0
Understanding our needs and setting our goals.,1.0,-1.0,1.0,100.0
Utilisation of knowledge in design,2.0,6.0,2.0,50.0
Visual communications strategy,3.0,5.0,2.0,66.7
Visual communications strategy and Communications structure,1.0,17.0,1.0,100.0
Week 7 presentation/ Oral Presentation,1.0,5.0,1.0,100.0
"Within ENGG 1050 I feel the key component of the subject is communication and not just the ability to project your message or opinion but the lessons are based on generating a personal branding that you can carry with you as you progress onto your professional career. During the classes, we all demonstrate multiple ways of communicating in a professional, clear and concise manner. This has been done through many different methods from presentation techniques, Branding methods and its importance and interview question techniques.

This subject has highlighted that communication is a vitally important skill that all engineers need to master in order to function within the profession, because no matter how good a person or their ideas are if it is not communicated well then it will be extremely difficult to execute.",1.0,-1.0,1.0,100.0
"Within this reflection, i will be reflecting over the design process phasing & approaches.",1.0,15.0,1.0,100.0
Written communication,7.0,-1.0,6.0,28.6
"_The transferable skills/employability skill I will be reflecting on is 'Conceiving, systems engineering, and management'. In week one, my team and I focused on understanding the needs of the workshop and setting goals on how we will achieve the task (Rube Goldberg project) and sent out a professional email every week. Through weeks 2-6, my team and I focused on defining a function, concept, and architecture, the design process phasing and approaches, disciplinary design, test, verification, validation, and certification, and finally, implementation management. We went through the preliminary design and conceptual design as a team. We decided that the idea behind our project would be, 'Dropping a Berocca Tablet Into Water' and i__n chronological order ,the creative process was, to start rolling a marble to hit a pendulum, which will open the Berocca cap lid and the tablet would fall out of the container, onto a track and then the Berocca rolls down an inclined plane utilising a folder, it’ll then rolls off a benchtop onto a popped open umbrella flyings up to another benchtop. The marble will then roll down a tube, hit a stack of dominoes, and hit another marble which will fall into a water bottle, a soccer ball would hit a toilet paper roll which will, in turn, hit the water bottle causing it to tilt the marble out of the water bottle. The ball then rolls off the benchtop onto the stick of the shovel and declines while swinging off the bottom end of the shovel. The Berocca will fall into a tube/Pipe and simultaneously the marble will spiral down the tube, a ball will hit the coins and roll down the slope, dropping down into the cup and moving the balance. The balance will then release the Berocca. The Berocca rolls down a tube and hits a windmill, the windmill then sends the tablet down. At this stage, the marble will roll down the track hitting a track that is on a rotating bearing to align a path for the Berroca to continue rolling down on. The ball will roll onto a pulley system that causes an object on the other side of the rope to cause dominoes to fall. The dominoes hit a lever pushing a water bottle to fill up a glass while also hitting a ball to then cause the next actions. The marble rolls down to hit a block that is blocking the path to allow the tablet to go through which will eventually fall into a crane of a Lego truck. The marble will then fall onto the remote control of the truck and rotate the crane so that the Berocca can fall into the cup of water._",1.0,15.0,1.0,100.0
"_The transferable skills/employability skill I will be reflecting on is 'Leading engineering endeavors'. Now that we are coming to the end of our ENGG1050 course and are completing our RGM Design, through the weeks, my team and I focused on identifying the various problem or paradoxes that we had and came up with feasible solutions and solution concepts for them. We thought imaginatively and communicated all prospects of our design throughout the way. In week 1, we focused on understanding the aims of the RGM design, and through the next few weeks, from weeks 2 to 11, we focused on brainstorming and deciding our design, the methodologies we would use to get our project running. improvements we could adapt to, verifying and validating our work, trial and error of implementation and recording our videos, coming up with solutions that are efficient, conducting group zoom meetings to help each other, and showcasing equal participation in getting the work done. We worked hard since day one and came up with solutions as a team while growing and learning. _

_My team and I came up with the final design mechanism/creative process: dropping a Berocca tablet into water. How this would work is, a marble would roll down a slope and hit a pendulum which would then hit the Berocca tablet tube, causing the Berocca to fall out of the tube onto a track, the Berocca then rolls down an inclined plane with the help of a folder and will roll off a benchtop onto a popped open umbrella, flying onto another benchtop. The marble at this time will roll down a tube, hit a stack of dominoes, and fall into a water bottle. Then, a soccer ball will hit a toilet paper roll which will in turn hit the water bottle, releasing the marble out of the water bottle. The marble will then roll off a benchtop, and down a shovel. As the next action, the Berocca would roll down a tube, whilst the marble will roll down a spiral. The Berocca then falls onto a tube __rolls down the__ tube and hits a windmill, the __windmill then sends it down. The marble at this point rolls down a track, balanced on a bearing well. The tablet falls onto a pulley system and triggers the dominoes on the other end, when the other end of the pulley is lifted, due to the weight of the marble on the opposite end.  __The water at the end of the domino effect now pivots onto a stick on the bottom of the bottle and falls after a prop gets removed from underneath consequently tipping the water into the glass. __The counterweight that pulls the prop out from under the bottle is a roll of tape that is balanced on the edge. Lastly, t__he marble rolls down the track well and knocks a block out, releasing the Berocca into the water. _",1.0,15.0,1.0,100.0
"communication, brainstorming, and effectively working",1.0,12.0,1.0,100.0
cooperation and successfully working as a team.,1.0,12.0,1.0,100.0
create and brainstorm a ruthgoldberg machine to create ,1.0,15.0,1.0,100.0
engineering and business acumen,4.0,-1.0,3.0,50.0
i wrote about everything that we have done in fix weeks to complete  our task .,1.0,15.0,1.0,100.0
thinking calmly under pressure and failure assessment ,1.0,-1.0,1.0,100.0
unknown,2.0,17.0,2.0,50.0
visual communication strategy,1.0,5.0,1.0,100.0
" The topic of my reflection on for employability and transferrable skills is ""teamwork and communication."". As I consider my teamwork and communication abilities, I'd want to say that it would be quite advantageous for me to develop these abilities. .Due to the fact that my teachers divided up all of the students into groups, my group mates and I are working to construct the Rube Goldberg machine.. we  pretty much started thinking about our project since week one . we divided the work between 6 people as we have six members in our group .My team and I concentrated on establishing a functional conception, and architecture, the phases and methodologies of the design stage, discipline design, test, and evaluation across weeks 2 through 6.Implementation management follows verification, validation, and certification. Together, we proceeded through the conceptual and preliminary designs. after then we finally finalised the idea of out machine .For a total of 12 systems, we decided we will create 2 systems for each person.after that on our mid semester break we started making our machines  individually . we also made a whatsup group in which me and my group members were continually  helping each other . me and my group members faced a lot of problems because of the reliably of the machines .   al though we were facing a lot of problems but managed to get over them by helping each other . ",1.0,-1.0,1.0,100.0
