sample_label,student_id,submission_ref,grade,cluster,topic,keywords,result_text,pfr_text,learning_text,result_bloom_level,result_justification,pfr_bloom_level,pfr_justification,learning_bloom_level,learning_justification,prompt_version
fail,647265773436343638313631616E647265,Ref2_w13,4.8,18,Mission driven leading,"scheduling, organise time, schedule work, utilise scheduling, schedule excel","We were able to move all of the pallets out in a time effective manner, and, in my opinion, a space effective manner. We did however need the help of the other freezer operator to store some of our pallets overnight for us, so maybe we could have spent a little more time on the layout so as to increase the efficient use of space.","My personal feeling about the aforementioned task is that it was difficult to find a balance between doing the job quickly, and also optimising the amount of available space. I believe that we struck a good balance of time effectiveness and using the space afforded to us in an efficient manner. My plan was mostly based on the time pressures though, as too much time out of the freezer would result in lost product/stock.","What I learnt from this situation is that in scenarios like this, it is impossible/very unlikely to arrive on the 'most optimal' use of time and space in this situation, as there will always be an argument for the extra time spent planning, but also in the argument for doing the job even faster. I feel like I also learnt to quickly plan, communicate and execute said plan in a high stress/time pressured environment better than I would have beforehand.",2,The student summarises what happened and acknowledges a shortcoming (needing help with storage) but offers no breakdown of causes or consequences beyond a surface-level observation.,3,"The student connects their decision-making to a specific contextual constraint (time pressure causing product loss), showing an application of practical reasoning to justify the balance struck, but does not weigh alternatives or critically assess whether the chosen approach was optimal.",4,"The student identifies and examines the inherent tension between planning time and execution speed, recognising that no single optimal solution exists and articulating why — demonstrating a breakdown of competing factors rather than a single cause-and-effect statement.",v4
fail,6865696B68204D6F686434373531303935,Ref1_w7,0.33,27,"Generate ideas to complete a task. 

Think with logic to execute a task.

Use bo","brainstorming design, brainstorm design, make brainstorming, communicate idea, brainstorming technique",The result will take out the structure of the task with 6 parts to make the plan successful which was made in the brainstorming discussion. Then we divide each task part among us for working that.,"The meetings we have done was really important for this protect. Otherwise, it will not be possible for us to working according to the plan. The best part about teamwork we can help each other in every difficult part where we would be stuck. Besides, we decide our work into six parts that became easy for us. We procced according to our plan in every step as we designed. The faults in the project were the difficult for us to find but we managed to select the solutions to overcome it.","With a right plan, giving valuable suggestions to each other we have managed to learn the importance of teamwork. When working in a team we don't just apply for knowledge but also, learn from other's experience what makes they have done which is really important for our self-development. In this project, I have learnt a lot thing but the important one how we took out best solutions by giving value to each other's opinions and ideas.",1,"The section only recounts what happened — dividing the task into six parts — without explaining, analysing, or evaluating the outcome of those actions.",2,The student summarises the value of meetings and teamwork in their own words but does not examine why these elements were effective or challenge any assumptions about the experience.,2,"The student generalises about the importance of teamwork and learning from others' experiences, but does not apply, analyse, or justify these insights beyond a surface-level restatement of what occurred.",v4
fail,3437373533393531696D616E2E6B68616E,Ref2_w13,4.8,32,The design process phasing and approaches,"pulley cup, cup unstable, bean drawstring, bean cup, event design",By following the engineering design process we were able to successfully assemble our RGM machine. We then further start discussion on making and editing our video which was about our RGM machine.,WHEN WE WERE TOLD TO MAKE OUR MACHINE BY FOLLOWING THE DESIGN PROCESS IT FELT OVERWHELMING AND LOOKED LIKE IT WAS AN ENORMOUS AMOUNT OF WORK. BUT AS WE STARTED WORKING ON IT AND DIVIDED OUR TASKS I FOUND THE STAGES VERY HELPFUL AS IT GIVES US THE WAY TO THINK IN A SYSTEMATIC MANNER AND WORK ON A SPECIFIC IDEA IN A VERY DETAILED APPROACH. BESIDES THAT WE ALSO KEPT TRACK OF OUR PROGRESS THROUGH WEEKLY GROUP MEETINGS WHICH HELPED US UNDERSTAND EACH OTHER'S IDEAS MORE CLEARLY WHILE ENSURING THAT EVERYONE WAS ON THE SAME PAGE.,"As a student, making a plan while using the design phases gives me the insights of designing as an engineer. I learned the importance of working in groups and being able to combine the different creative ideas into one final product. We found the detailed procedure of how the designs can be made reliable and durable.",1,"The section only recounts what happened — assembling the machine and beginning video discussion — with no explanation, analysis, or interpretation of outcomes.",2,"The student explains in their own words how the design process felt overwhelming at first but became helpful, showing they grasp the value of systematic stages and group meetings, yet offer no deeper analysis of why or how these elements produced that effect.",2,"The student summarises general takeaways such as the importance of teamwork and combining ideas, but these remain surface-level restatements without examining causes, weighing alternatives, or articulating how the learning will be applied in specific future contexts.",v4
pass,63657334363632323730356672616E6365,Ref2_w13,5.0,38,"Negotiation, compromise, and conflict resolution","discussion moderator, discussion prepare, discussion learn, discussion ensure, facilitate discussion","This approach led to a consensus where all team members felt their ideas were valued. The hybrid design incorporated innovative features from each proposal, resulting in a more creative and functional marble machine. The team dynamics improved significantly, with enhanced collaboration and a shared sense of accomplishment.","Initially, managing the conflict was challenging as tensions were high, and the team was divided. However, by actively listening and fostering an inclusive environment, I felt a sense of relief and satisfaction in seeing the team come together. The experience underscored the importance of empathy and effective communication in conflict resolution.","Through this experience, I learned that successful negotiation and compromise require patience, active listening, and the ability to integrate diverse perspectives. Conflict resolution is not just about finding a middle ground but creating a solution that leverages the strengths of all ideas. This skill is crucial in any team setting, as it promotes unity and drives innovation.",2,"The section summarises the outcomes (consensus, hybrid design, improved dynamics) in the student's own words but does not analyse why these results occurred or evaluate the effectiveness of the approach taken.",2,"The student describes their emotional journey and names empathy and communication as important, but the phrase 'underscored the importance of' signals assertion rather than any genuine examination of assumptions or exploration of alternative perspectives.",3,"The student connects the experience to specific skills (patience, active listening, integrating perspectives) and applies them to a broader team context, but the claims remain general principles without weighing alternatives or justifying why this approach is superior to others.",v4
pass,69756C343739333534373277617369756C,Ref1_w7,5.7,17,Utilisation of knowledge in design,"tea brainstorm, designing tea, design tea, project tea, project brainstorming","Following this, our team was able to re-evaluate various presumptions and misconceptions of components of specific aspects of which conventional devices in the same or similar fields operated, allowing us to come to a more thorough and accurate approach to our device design.","During the initial phases of roundtable discussion and brainstorming, our team was quite unsure and confused with a few of the specifics of how some of the components of the tea making device would function. Furthermore, these unknowns sowed additional uncertainty with developing technical performance measures (TPMs) which we needed to do in order to verify our design would function according to user specification. As a result, our team initially felt that the task was quite challenging because none of us could come up with concrete descriptions or designs for our product.","However, as we progressed through the rounds of our round-robin method of brainstorming, we were excited to learn that various members of our team had knowledge or could point towards resources to learn of how specific components of a traditional hot beverage construction machine performed. For example, one of our team members was able to explain how some current industry conventional methods of quickly heating water in coffee machines worked. Through knowledge such as this, our team felt more and more relieved, empowered and optimistic in being able to come up with a satisfactory tea making device design, along with appropriate TPMs. Through this experience, I have come to appreciate how mandatory participation methods of brainstorming may actually be more helpful for the team as a whole than it may first seem to us at first from an individual perspective, because it has the potential to reveal an extended number of unpredicted knowledge and insights into ideas for how to implement product design, which further helps a team to explore the problem space at a greater level of depth.",2,"The section summarises the outcome of the team's discussion in general terms ('more thorough and accurate approach') without breaking down why or how the re-evaluation occurred, demonstrating understanding rather than analysis.",2,"The section describes the team's emotional state (confusion, uncertainty, feeling challenged) and the situational context that caused it, but does not examine underlying assumptions or explore alternative perspectives beyond recounting the difficulty.",4,The student moves beyond describing what happened to identify why mandatory participation brainstorming is more effective than it initially appears — examining the mechanism (surfacing unpredicted knowledge) and its consequence (deeper problem-space exploration) — which constitutes breaking down contributing factors rather than merely stating an intention.,v4
pass,696D6F6E343732303836383673696D6F6E,Ref2_w13,6.3,1,Customer needs and market research,"student interview, represent student, need approach, meeting help, student concern","I was left with a wide selection of pain points that many different types of students at Macquarie were having. Online research provided a lack of needs, but did provide solutions from others that fulfilled some issues brought up.","Initially, the task seemed easy, as I believed that all people would have the same issues that I had and would allow me to hone in on the main, underlying need of the 'customer'. Instead, the interview brought up so many small issues that had no relation to each other. Trying to correlate the vast list of responses within a set category was not easy, with subjective questions from the interview having subjective and often conflicting answers. However, the market research was able to better define the boundaries as previously created solutions covered some of these customer needs.","By approaching interviews for customer needs with an objective overview and with targeted questions, I can collate answers into categories far easier. Additionally, by setting the questions with predefined answers on a scale, such as major issue to not an issue, I can find the severity of the issue according to the customer without taking a guess based on the number of responses. This would additionally help with market research, as I can target the specific categories with greater efficiency and understanding.",2,"The student summarises what happened during the research process (pain points collected, online research limitations) without analysing why or evaluating the outcomes.",4,"The student breaks down why the task was harder than expected by identifying multiple contributing factors — conflicting subjective responses, difficulty categorising disparate issues, and an initial flawed assumption — and examines how market research helped define boundaries.",3,"The student proposes applying specific techniques (targeted questions, predefined scale answers) to future interviews, connecting prior experience to practical methods, but does not critically justify why these are the best approaches over alternatives.",v4
pass,34373238383931346F7469732E706F7274,Ref1_w7,5.3,26,Defining the solution,"team design, design combine, design cooperative, design team, teamwork engineering",This discussion and brainstorming allowed us to narrow down the solutions to a single option we decided was worth pursuing and this further allowed us to progress in the project.,The scope of the task was overwhelming as we had the freedom to approach it from any angle and thus we had to examine a wide range of ideas and strategies in order to find even a set of possible solutions to sort through and further improve.,Through reducing the concepts to a handful of ideas we effectively reduced the daunting nature of the task. Using guidelines and needs outlined through prior class discussion allowed us to feel less daunted by the scale of the task and allowed us to focus in on the key features of the design. These guidelines showed us that it is very important to have a central focus on the goals of your designs to ensure you don't lose sight of your specific goal and ease the daunting nature of such open ended tasks.,1,"The section merely states that brainstorming narrowed options and allowed the project to progress, with no explanation, analysis, or evaluation of how or why this outcome occurred.",2,"The student explains the feeling of being overwhelmed by the open-ended scope and describes the broad search for ideas, but does not analyse why the task felt overwhelming or challenge any underlying assumptions.",3,"The student connects the use of prior class guidelines to reducing the task's complexity and focuses on key design goals, demonstrating an application of previously learned principles to manage an open-ended design challenge, but does not examine why this approach worked or weigh it against alternatives.",v4
credit,695475746F723436373733373937747574,Ref2_w13,6.67,28,Professional behaviour,"presentation team, group project, presentation meeting, weekly presentation, project group",Our team relation is better. We did the presentation very well. Our team could handle the problems.,"Responsibility and team environment are the main factors in teamwork. I think that I did well as since week 1 I have never been absent. I have participated in every meeting and conservation. Time management is one of the keys to professional behavior. Poor management could disturb the project and lead to failure. Overall, our team did excellently. All of the group members have high responsibility and are rarely absent. Feeling: My personal feeling, I think if I have any problem, I will not be stressed or depressed. I would try to solve it instead of being anxious. Even if it does not figure out the whole problem but at least I could minimize it. This is better for my feeling and enhanced my professional behavior. I am very confident about my team as we did very well.","Keeping in contact with each other and preparing the second plan would help team management. We should update the new individual situation to the group and improve the conservation to enhance the team environment. Every complex project always carried risks. So, we have to handle it. The second plan is the alternative way to handle it when we are facing unexpected circumstances.",1,"The section only recalls brief outcomes ('team relation is better', 'did the presentation very well') with no explanation, analysis, or interpretation of what caused these results.",2,"The student summarises their emotional response and identifies responsibility and time management as important factors, but does not examine why these factors matter or explore alternative perspectives beyond surface-level generalisation.",3,"The student connects the experience to a practical strategy (having a backup plan and maintaining communication) and applies it to future project contexts, but does not justify why these are the best approaches or analyse the conditions under which they would be effective.",v4
credit,417279616E343737313038323961727961,Ref2_w13,7.3,38,Empathy as a leader,"discussion moderator, discussion prepare, discussion learn, discussion ensure, facilitate discussion","This empathetic approach to leadership helped the team to merge the best aspects of each proposed design, leading to the development of a more efficient and robust gearbox design. The project was not only completed successfully but also strengthened the team's ability to work effectively under stress and complex technical challenges. This experience highlighted the importance of empathy in leadership, particularly in facilitating effective communication and collaboration in engineering projects.","Initially, leading the gearbox design project felt overwhelming due to the high stakes and technical complexities involved. Each team member brought unique insights and strong opinions on the design process, which, while valuable, sometimes led to tension and indecision. My role as a leader was tested not just on technical grounds but also in harmonizing these diverse viewpoints. I felt a significant responsibility to mediate effectively while ensuring that every team member felt their contributions were valued. This experience was daunting but also immensely enlightening, as it pushed me to develop not just as an engineer but as a leader who must listen and integrate a wide array of perspectives.","From this experience, I learned the crucial role of empathy in leadership, especially in technical projects where diverse expertise and opinions can create friction. Actively encouraging each team member to express and explain their viewpoints led to a richer understanding of the project’s potential and challenges. It highlighted the importance of creating a supportive environment where constructive feedback is encouraged, and every suggestion is considered with respect. Moving forward, I will continue to foster this empathetic leadership style, prioritizing open communication and mutual respect in team settings. This approach not only aids in resolving conflicts but also enhances collective decision-making, leading to more innovative and effective solutions. Additionally, I've learned the importance of structured brainstorming sessions that not only aim to generate ideas but also to build consensus and shared understanding among team members. This project has instilled in me a deeper appreciation for the nuanced role of a leader in engineering projects—balancing technical prowess with interpersonal skills to guide a team towards successful outcomes under constraints. In future projects, I plan to implement structured reflection points throughout the project lifecycle, allowing the team to recalibrate and align more frequently, ensuring smoother progression and heightened collective ownership of the project outcomes.",2,"The section summarises the outcome and states that empathy was important for communication and collaboration, but does not analyse why or examine the causes behind the success.",4,"The writer breaks down the competing pressures of the leadership role — technical complexity, diverse opinions, tension, and the dual responsibility of mediating while validating contributions — identifying multiple contributing factors to why the experience was challenging.",3,"The section connects the experience to actionable practices (structured brainstorming, reflection points, open communication) and applies the lesson of empathetic leadership to future contexts, but the future intentions are stated without critically weighing whether they are the best approach, keeping it at Apply rather than Evaluate.",v4
credit,6F41727420456C696A6168343734343835,Ref1_w7,7.33,0,I will be reflecting on my communication skills.,"visualise idea, rgm brainstorm, brainstorm conceptual, idea design, idea presentation","As a result of these planned actions, my communication will improve, and I will be more confident in sharing my ideas with other people and that I will not take constructive criticism personally and thus use this to better my skills.","Initially, communicating my ideas to a large group of people was difficult because nerves would kick in. After putting myself in an uncomfortable situation, I discovered that presenting my ideas was not only not intimidating, but also beneficial in receiving feedback and better ideas from my peers. However, I did not take constructive criticism to improve my presentation; rather, I took it personally.","By applying what I've learned from this experience, I've made a conscious decision to advance my communication skills. In the future, I'll organise presentations better by writing down ideas on a Miroboard or other project management tools. In order to improve my presentation, I will also use body language and learn to accept constructive feedback. I will effectively hone my communicative skills by taking these actions.",2,"The student summarises anticipated outcomes (improved confidence, not taking criticism personally) in their own words but offers no analysis of why these outcomes would follow or evaluation of the planned actions.",4,"The student breaks down the experience by identifying multiple contributing factors — nerves, the discomfort of public speaking, the value of peer feedback — and contrasts their initial expectation with what actually happened, including a self-critical recognition that they took feedback personally rather than constructively.",3,"The student connects the experience to specific future practices (Miroboard, body language, accepting feedback) demonstrating application of prior knowledge to context, but does not justify why these strategies are preferable or evaluate their likely effectiveness.",v4
credit,6E436C61793437343139343233636C6179,Ref1_w7,6.5,1,Solving Pain Points,"student interview, represent student, need approach, meeting help, student concern",The overall response of the questions by various people was that a lot of people do not like the parking at the university and result to travelling by public transport to university. In terms of the class availability it was a definite concern to most of the people that I interviewed most of them were third year engineering students that found finding practical classes very hard as most were full. From this results I have started formulating solutions which were ideas stated in week 6.,The task set out to discover people's various pain points was very daunting at first because I normally very shy around asking people that I do not know and especially confidential questions that related around their personal life. The initial approach towards people the most difficult part about this experience and I hope to develop this feelings as I learn.,"By approaching various people and conducting this questions and interviews I was able to express myself more and develop my interpersonal skills like communication. In addition doing something out of my comfort zone has taught me to explore this way of thinking and be more expressive in other things in life. Through this experience, I have appreciated the notion of being more involved in university activities which will benefit me in my future career. Furthermore, the notion of advancing my critical thinking skills was also demonstrated in this experience with finding solutions that were addressed in the SGTA answers of week 6.",2,"The student summarises interview findings in their own words (parking issues, class availability) but does not analyse causes, patterns, or implications beyond restating what was observed.",2,"The student describes their emotional discomfort with approaching strangers but does not examine why they felt this way, challenge assumptions, or explore alternative perspectives beyond acknowledging shyness.",2,"The student lists general benefits such as improved communication and critical thinking, but these are stated as assertions without justification, analysis of how they developed, or evaluation of whether the approach was effective.",v4
distinction,686C616E34373238333632396C6163686C,Ref1_w7,8.33,43,"Potential tops:

	* Equity and diversity and Inclusion

	* Critical thinking

	*","organise team, group work, effective teamwork, skill organise, group organise","The result of rotating roles means that everyone gets a go at every role creating a fair working environment in our team. Also, the use of the roles enables for us to have a smooth flowing workspace where everything is getting done and no one is feeling unhappy or hard done by, thus boosting moral amongst our group.","Being put into a group of unknown people always has you thinking of the potential problems that could occur. However with the implementation of our roles and other collaborative techniques such as zoom meetings, we have had no problem in getting on with our tasks to the best of our ability.","The experience of being in a group using specific rules has brought me to the understanding that unique roles amongst members are vital for effective collaboration. Without individual roles, chaos is spread throughout the workplace. However in real life, roles should be set for people as a result of their specialisation rather than rotated amongst everyone for fairness.",2,The student summarises the outcome of role rotation in their own words but only explains what happened without examining why it worked or weighing it against alternatives.,2,"The student describes their initial concern and notes that collaborative techniques resolved it, but offers no analysis of assumptions challenged or alternative perspectives explored beyond a simple before-and-after account.",4,"The student breaks down the function of individual roles, identifies the consequence of their absence ('chaos'), and then distinguishes between rotating roles for fairness versus assigning roles based on specialisation in real-world contexts, showing examination of an underlying tension rather than merely stating what they will do differently.",v4
distinction,6669343735303534313973616C66692E6B,Ref1_w7,8.0,0,Oral presentation,"visualise idea, rgm brainstorm, brainstorm conceptual, idea design, idea presentation","I was able to successfully communicate the main ideas and takeaways from the allocated topic in my oral presentation. Remarks from professors and peers were extremely good, praising my professional presenting style, depth of study, and clarity of delivery.","First of all, I had a mixture of anxiety and exhilaration as I got farther into the planning phase. I was nervous to present my knowledge and communication abilities, but I was also still apprehensive about failing and doubting myself. I was reminded of similar emotions I've felt in the past when confronted with big chances or difficulties by this emotional rollercoaster. This time, though, I recognized these feelings and used them as inspiration to succeed rather than allowing them to get in the way.","I now understand the importance of being well-prepared, communicating clearly, and facing obstacles head-on. I'm going to use these skills going forward, in every scenario that calls for confident and lucid speaking, be it a job interview or another presentation. In particular, I've learnt the significance of accepting discomfort as a stimulus for progress and the necessity of always improving my abilities and getting feedback. I'll face comparable jobs in the future with fortitude and optimism, understanding that every obstacle offers a chance for growth on both a personal and professional level.",2,"The student summarises the outcome of the presentation and paraphrases positive feedback received, but offers no analysis of why the presentation succeeded or what specific actions produced those results.",3,"The student connects past emotional experiences to the current situation and describes consciously redirecting anxiety as motivation, demonstrating an application of self-awareness as a practical strategy rather than mere description of feelings.",3,"The student identifies transferable skills and states intentions to apply them in future contexts such as job interviews, but does not critically justify why these approaches are optimal or weigh them against alternatives, keeping the reasoning at the application level.",v4
distinction,616B4A6F6E617468616E34373137323434,Ref2_w13,8.33,0,Communication and public speaking is a skill that I will be reflecting over as w,"visualise idea, rgm brainstorm, brainstorm conceptual, idea design, idea presentation",Being able to present in a confident and professional manner,Public speaking is something that I have always struggled with as it makes me nervous speaking to a large group of people which can allow me to become overwhelmed and anxious.,I have learnt that through propper preparation and practice i am able to build my confidence in the topic/presentation and deliver myself in a way that will not make me nervous as i am prepared,1,The result section merely states a desired outcome ('present in a confident and professional manner') with no description of what actually happened or was achieved.,2,"The student explains their emotional response to public speaking in their own words but does not analyse causes, challenge assumptions, or explore alternative perspectives beyond describing the feeling of nervousness.",2,"The student summarises a general takeaway (preparation and practice build confidence) but does not connect it to specific theory, analyse why this works, or justify it as the best approach over alternatives.",v4
distinction,6D696D343735313031313068616D696D2E,Ref1_w7,8.47,35,Accountability in a team operation,"teamwork accountability, communicate accountability, communication teamwork, accountability task, accountability engg","Regarding the modules, I carefully designed and constructed my two modules, ensuring that they fit in well with the other modules. I coordinated with my team members to make sure that my modules would work seamlessly with theirs. So far, our whole team has been able to cover every week's task. As for my personal contribution to the project, I've successfully designed my two modules, ensuring that they fit in well with the other modules, and I've created and circulated the minutes during my role as a minute taker sucessfully when assigned REFLECTION: I understand that accountability is a huge part of this whole process of building the project. Students are not making an individual project, rather they are assigned to build this project with other team members. If I were to neglect my assigned role, the whole group activity and flow of work would fall into chaos. There are so many ""ifs"" related to my responsibility in this project, and the whole success of the machine somewhat depends on my module. So, I'm committed to doing my best to contribute to the team's success. Reflecting on my experience so far, I'm happy with my personal growth and sense of responsibility in this project. I believe that this project has taught me the importance of teamwork, accountability, and communication skills, which will be valuable skills for my future endeavors.","Initially, I was a bit apprehensive about the project's group work and accountability aspect. I knew that I had to do my part of the job correctly to ensure that the machine functioned as intended, and I was worried about letting my team down. However, as the project progressed, I started to feel more confident in my abilities and the contributions I was making to the team. The project taught me the importance of accountability in group work. As a team member, it was my responsibility to ensure that I completed my assigned tasks on time and to the best of my abilities. I realized that my actions could impact the entire team, and if I failed to meet my obligations, it could lead to delays or even failure of the project. To avoid this, I made sure that I communicated effectively with my team members, and if I encountered any issues, I brought them up promptly so that we could address them together. Additionally, when I was assigned the role of minute-taker and group chair, I made sure that I fulfilled these responsibilities to the best of my abilities and kept everyone on track","Overall, the project taught me that accountability is a crucial aspect of group work. It is essential to understand the impact of our actions on the entire team and to take responsibility for our assigned tasks. The experience has made me more mindful of my actions and their impact on the team and has improved my communication skills, responsibility, and overall performance in group work at the same time",2,"The student summarises what they completed (module design, minute-taking) in their own words but offers no analysis of why outcomes occurred or evaluation of their quality.",3,"The student connects their emotional experience (apprehension to confidence) to specific actions taken (communicating issues promptly, fulfilling role responsibilities), demonstrating application of accountability principles in practice rather than mere description.",2,"The student restates the general importance of accountability and lists skills gained, but does not analyse causes, weigh alternatives, or justify why these lessons represent the best approach for future contexts.",v4
high_dist,4A617934373238383033356A61792E776F,Ref1_w7,9.67,33,Understanding needs and setting goals,"event recording, video presentation, building recording, create storyboard, formation storyboards",As a result of this goal we were able to start work on creating a visual representation of our conceptual design on Miro aiding in our ability to present to the tutor group. This also increased team engagement as we were able to monitor each other's work and review everyone's section.,"When assessing what our team needed to complete in Week 5, I was nervous to assert a goal for our team to achieve. This was because I had not undertaken many leadership activities prior to university. However, when I was in our pre-workshop meeting and I was able to perceive my team member’s reception to my proposed goal, I understood that I was able to suggest an idea and others would be able to constructively provide feedback or agreement.","From this experience, I will no longer hesitate to share my ideas for team goals or practices because I am able to see that everyone will appreciate the effort. I plan to make this a weekly occurrence to set goals or even just consider what deadlines are approaching and what needs to be achieved.",2,"The student summarises what was achieved (Miro visual, team engagement) but does not analyse why these outcomes occurred or examine contributing factors.",4,"The student breaks down the cause of their nervousness (lack of prior leadership experience), then examines how observing teammates' reactions shifted their understanding of their own capacity to lead, showing analysis of contributing factors rather than mere description.",3,"The student states an intention to apply the lesson (sharing ideas, setting weekly goals) but does not critically justify why this is the best approach or weigh it against alternatives, keeping it at the application level.",v4
high_dist,656C343832333932373564616E69656C2E,Ref2_w13,10.0,0,Oral presentation,"visualise idea, rgm brainstorm, brainstorm conceptual, idea design, idea presentation","When delivering my oral presentation, I felt well-prepared and less anxious. I relaxed, felt confident, and had a good start in attracting the audience's attention. I was able to stay within the time limit, remembering to speak clearly and loudly. I highlighted areas of importance and used hand gestures to emphasize points.","I felt anxious and nervous when starting my oral presentation in front of my peers. However, as I continued to deliver my speech, I felt more confident and less anxious. I remember doing my best and speaking slowly at the start of my oral presentation.",I have learnt that repeated practice is important for delivering a good speech. The beginning of the presentation is the important part to grab the audience’s attention. I also learnt to appreciate constructive responses in my practice to know what to improve in my presentation.,2,"The student summarises what happened during the presentation (staying within time, speaking clearly, using gestures) in their own words but offers no analysis of why these outcomes occurred or how specific actions produced them.",2,The student describes their emotional transition from anxiety to confidence but only recounts the feelings without examining the underlying causes or challenging any assumptions about their performance.,2,"The student states general lessons (practice is important, openings matter, feedback is useful) but does not connect these insights to specific evidence from the experience or justify why these are the right conclusions, remaining at the level of surface-level explanation.",v4
high_dist,2053696E6768496E646572626972205369,Ref1_w7,10.0,10,Roles and responsibility of engineers,"problem engineer, engineering practice, engineering management, practice engineering, engineering team",As a result I can understand my roles and responsibilities and what to expect in the future.,"At the start, the task was abit stressful, however, you realise that everyone there are many answers over the internet and you also have teachers to assist you. As I reached out for these supports, the task became easier and it enhanced my understanding on the roles and responsibilities","By using all the supports around me and the access I have, the task became easier and I was able to understand and learn the different roles and responsibilities. Furthermore, I also enhanced my understanding on the challenges alongside this which can help me prepare for the future",1,"The student merely states they now understand roles and responsibilities without explaining, analysing, or articulating any specific outcome or consequence of their actions.",2,"The student describes their emotional shift from stress to ease and explains in general terms how seeking support helped, but offers no analysis of why the stress occurred or critical examination of assumptions.",2,"The student summarises that using available supports improved their understanding and mentions future preparation, but does not analyse how or why this worked, nor critically justify any specific approach.",v4
high_dist,7834373532393736386D617877656C6C2E,Ref2_w13,10.0,22,"Attitudes, thought and learning","managing time, scheduling completion, time management, manage time, organise time","The result is now I have evolved my thoughts, attitudes and learnings so I can do my best to approach any upcoming task or new subject with an open mind to take the valuable lessons along the way that I can carry with me and also evolve along the way for the rest of my career. The leading lessons I have taken this semester is to have agency for group and individual work, work on getting better at any task in front of me, learn as much as I can along the way and retain that knowledge.","My personal feelings about this topic is that I have a sense of satisfaction for my efforts this semester. I now see how my attitudes, thoughts and ability to learn what was being taught at the beginning of the semester was not optimal, and now is much better but also is not perfect. I say that because there is always room for growth. I now know to not be too hard on myself but at the same time show agency towards my university tasks so I can get the most out of this degree as I can.","I can now approach the situations with a better attitude feeling ready to take the lessons along the way instead of feeling like what is in front of me is more like a burden. The tutors have helped me to progress with professional attributes that will be necessary to carry forward such as online presentation skills, being engaged with question and answers, how to write agenda, minutes and reflections and they also made it clear when we were falling behind in some aspect of our group work or when we hadn’t completed something to a satisfactory level.",2,"The student summarises general takeaways from the semester in their own words but does not analyse causes, weigh outcomes, or go beyond restating broad intentions such as 'open mind' and 'retain knowledge'.",2,"The student describes their emotional state (satisfaction, not being too hard on themselves) and acknowledges a shift in attitude, but does not examine why their initial attitudes were suboptimal or explore alternative perspectives beyond a surface-level acknowledgement of imperfection.",2,"The student lists specific skills gained (agenda writing, online presentation, reflections) and notes tutor feedback, but only describes what was taught without connecting these skills to broader principles or explaining how or why they will be applied differently in future contexts.",v4
W7_6E616E61,6E616E613438313833353535676E616E61,Ref1_w7,10.0,23,Interpersonal skills: teamwork and communication,"project marketing, team project, project goal, project process, project objectives","Our teamwork and effective communication paid off. Our group delivered a well-coordinated and comprehensive marketing plan during the presentation. We received positive feedback from both our professor and the industry professionals. Our project received the highest grade in the class, and we were commended for our teamwork, adaptability, and professionalism.",Team members often feel a sense of satisfaction when they successfully collaborate and achieve their goals. Accomplishing tasks together and receiving positive feedback can be rewarding.Achieving a high grade or receiving recognition for a job well done can instill a sense of pride in one's work and contributions.,"This experience taught me the importance of interpersonal skills in achieving successful outcomes in team projects. It highlighted the significance of clear communication, collaboration, and problem-solving in achieving our common goals.",2,The student summarises the outcome of the presentation in their own words but offers no analysis of why the result occurred or what specifically contributed to the success.,1,"The section describes generic emotional responses (satisfaction, pride) in abstract, third-person terms without any personal reflection, assumption-challenging, or exploration of alternative perspectives.",2,"The student restates broad concepts such as communication and collaboration as important but does not analyse why they mattered, evaluate their application, or propose how they will be used differently in future contexts.",v4
W13_6E616E61,6E616E613438313833353535676E616E61,Ref2_w13,10.0,18,Critical thinking,"scheduling, organise time, schedule work, utilise scheduling, schedule excel","This experience underscored the importance of structured time and resource management practices in achieving project success. By implementing the right tools and processes, we were able to enhance productivity, meet tutor expectations, and create a more positive and efficient working environment.","When I first took on the task of overhauling our time and resource management practices, I felt a mixture of excitement and apprehension. The magnitude of the issues we were facing was overwhelming, and I was acutely aware of the pressure to deliver tangible improvements. There was a real concern about the team's receptiveness to change, given the existing stress and frustration. However, as I systematically approached the problem—starting with a thorough assessment and involving the team in the process—I began to feel more confident.","This experience taught me the importance of thorough planning and breaking down complex tasks into manageable steps, which made the project less overwhelming. Involving the team early on and maintaining open communication were crucial for gaining buy-in and fostering collaboration.Moving forward, I will emphasize detailed planning, transparent communication, pilot testing, and ongoing monitoring to ensure successful project management and implementation.",2,"The result summarises the outcome in general terms ('enhanced productivity', 'met tutor expectations') without analysing causes, weighing alternatives, or examining why the approach succeeded.",3,"The writer connects their emotional response to specific actions taken ('systematically approached the problem—starting with a thorough assessment and involving the team'), showing a link between prior knowledge of change management and practice, but does not analyse why those feelings arose or evaluate alternative approaches.",3,"The writer lists future behavioural intentions (detailed planning, transparent communication, pilot testing) and names their value, but does not critically justify why these are the best course of action or weigh them against alternatives.",v4
W7_53686172,53686172696E646120496D657468343638,Ref1_w7,10.0,39,"Reflection on:

INTERPERSONAL SKILLS: TEAMWORK AND COMMUNICATION ","communication project, communication brainstorm, communicate team, communication collaboration, communication teamwork","The result was doing my part to build an effective and efficient team to achieve our goals, making meaning full connections with my teammates and improving my interpersonal skills.","Initially I was a bit overwhelmed as to who my teammates would be, (Are they hardworking? Will they communicate with me effectively? etc.) but as time went by and after getting to know each other, I realised that I am working with team members who respected my opinions and listened to my ideas. I personally prefer working alone as I have minor issues with communication and teamwork, but I understand that I must not think that way, specially in the field of engineering.","By learning and improving on my interpersonal skills it will help me immensely in journey of becoming an engineer, as most, if not all engineering projects are team based projects, and learning to having good communication and teamwork will not only be beneficial for me, but also for the team as whole in achieving our common objective. It also helps with knowing my teammates, understanding their skills and weakness and learning how to accept and work with said skills and weaknesses in a professional manner.",2,"The student summarises the outcome in general terms ('build an effective team', 'meaningful connections') without examining causes, effects, or specific evidence of what was achieved.",3,"The student connects their personal preference for working alone to the demands of engineering practice, showing an application of self-awareness to a professional context, but does not analyse why this tension exists or evaluate alternative perspectives in depth.",3,"The student applies the insight about interpersonal skills to the future context of engineering teamwork and mentions understanding teammates' strengths and weaknesses, but these remain general intentions without critical justification of why this approach is best.",v4
W13_53686172,53686172696E646120496D657468343638,Ref2_w13,10.0,10,TOPIC: Leading engineering endeavours,"problem engineer, engineering practice, engineering management, practice engineering, engineering team","the result is, by experiencing these endeavours we learn and gain experience on efficiently finding solutions for issues we face in engineering projects.","I personally feel that experiencing such endeavours is not only beneficial to my career as an engineer but in my personal life as well. I think It is great quality if one can effectively deal with the issues they, face and solve them efficiently.","experiencing and learning such endeavours it will prepare me for when I have to work in a professional setting. As engineers we deal with issues of all shapes and sizes, and such experiences will help me perform at my best and achieve better results.",1,"The result section merely restates that experience leads to learning without explaining how or why, offering no interpretation beyond a vague recount.",1,"The PFR expresses a general positive sentiment about problem-solving without identifying specific assumptions, exploring alternative perspectives, or demonstrating any analytical reasoning.",2,"The learning section paraphrases the value of experience for professional readiness in general terms but does not connect to specific skills, theories, or contexts beyond a broad summary.",v4
W7_43616D65,43616D65726F6E34383430383434316361,Ref1_w7,10.0,2,"Perseverance, urgency and will to deliver, resourcefulness and flexibility","toolbox fabrication, construction toolbox, fabrication toolbox, fabricate toolbox, assemble toolbox","Subsequently, the toolbox was completed on time while still upholding a high construction quality. Additionally, my skills of machining as well as working effectively under pressure were improved as a result of this situation.","After falling behind in the construction of the toolbox, I had doubts if I would be able to complete it in time and was concerned that in the process of attempting to quickly complete it, I would make serious mistakes and end up worsening the situation. Although, I was able to pull from my previous skills and experiences to formulate an effective strategy to ensure that I did complete the project in time and to a decent quality standard. It was crucial to keep an attitude of perseverance, urgency and resourcefulness despite the challenges faced along the way if I were to be successful.","At the beginning of the project, I felt that the task would be a good challenge, as while I did already have some machining/construction experience, I did not have experience when it came to working with metal. Therefore, the construction of a metal toolbox would be an effective challenge as it would apply some of my previous skills, while also gaining some new skills around working with metal. After falling behind, while I did my best to avoid serious mistakes, there were some minor mistakes which hurt the design quality of the finished product, althoughI believe these mistakes were important lessons. In a way, the situation I was in of being behind on the construction of the toolbox, while not being an ideal situation, was a better skill building experience. This is because I was required to push myself outside of what I thought I could do, which built upon my resourcefulness, decision-making and my ability to work efficiently under pressure. Overall, the project taught me numerous significant skills which I strongly believe will be useful in the future.",2,"The student summarises the outcome (completed on time, high quality, improved skills) in their own words but offers no analysis of why or how these results were achieved.",3,"The student connects prior skills and experiences to formulate a strategy for completing the project, demonstrating application of existing knowledge to a new pressured context, though no deeper causal analysis is present.",4,"The student breaks down why falling behind was paradoxically a better skill-building experience by examining the interplay between pressure, prior experience gaps, minor mistakes as lessons, and the development of resourcefulness and decision-making — going beyond a single cause-effect chain.",v4
W13_43616D65,43616D65726F6E34383430383434316361,Ref2_w13,10.0,12,"Attitudes, thought and learning","drawing experience, draw technical, drawing technical, drawing proficiency, drawing learn","By taking an attitude of being eager to learn more about technical drawing, attempting to apply my best work, and challenging myself, I was able to improve my technical drawing skills.","I went into the technical drawing workshop with some previous basic experience of it, although I was surprised about how much of it I had forgotten. Despite this, I enjoyed re-learning it, and building heavily upon what I previously learned. The weekly tasks were highly effective in challenging me to improve, due to there often being a wide variety of objects/shapes to choose to draw, allowing me to constantly push my skills further without being demoralised from having to draw something that was above my skill level at the time.","As a result, I was able to heavily improve my confidence in technical drawing and my understanding of the importance of technical drawing in the engineering world. Although the final task was especially more challenging than I expected, which led to it not being completed to a standard I am entirely happy with. Ultimately though, this is a learning experience for me to not underestimate assessments and allocate more time for them next time.",2,The student summarises the outcome of their experience in their own words ('improve my technical drawing skills') but offers no analysis of why or how the improvement occurred beyond restating their attitude.,3,"The student connects the design of the weekly tasks (variety of objects, manageable difficulty) to their motivational and skill outcomes, demonstrating an application-level link between task structure and learning effectiveness rather than mere description of feelings.",3,"The student identifies a single cause-and-effect chain (underestimating the final task led to an unsatisfactory result) and states a future behavioural intention (allocate more time), but does not weigh alternatives or justify why this is the best corrective approach.",v4
random,7468616E34373230393233326E61746861,Ref1_w7,9.33,22,Time and Resource Management,"managing time, scheduling completion, time management, manage time, organise time","The approach I have now devised is to use to-do listing, prioritising tasks, removing unnecessary distractions and improving my overall health. By creating to-do listings I am now able to layout all future tasks for each and the subsequent order in which I must complete each task, indirectly creating a prioritised order of tasks. Hence this is aided by removing unnecessary distractions from my work station, by moving my workstation to a se room in the house and placing my mobile phone in a separate room whilst I am studying. Another addition is improving my overall health, lately I have been falling ill a lot due to unnecessary stress and not keeping a regular sleep schedule and/or not eating. I have now begun to prioritize improving these items as pushing myself to the breaking point not healthy.","I was first made aware that my time and resources management needed work after my first semester at Macquarie university. I first noticed that due to my poor time and resource management my social life, and my activities such as rock climbing outside university were severally lacking and I had no been able to work on either for awhile. Hence during the break I took time to reflect on this and I came to the conclusion that this was not a healthy or sustainable approach to my university life, and I need to take a more balanced approach to my studies. I believe reality has reflected these assumptions very well as during the first semester I got injured many times as I was not paying attention to my health properly and I became disconnected with my friends, but once I began implementing these changes I noticed considerable improvements to my health and attitude. With this knowledge in my future studies I plan to implement similar strategies to balance my life to excel in all aspects of my life.","Through these experiences I have learned that carrying a balanced life through life is crucial as, this allows to consistently apply yourself at a balanced rate. I have also realised that to make sure study is effective there are certain protocols you can take in to create an effective study environment and avoid burnout. Hence by approaching my latest studies using a more balanced method of study with effective strategies, I have been able to have a much healthier approach university study. Now I am able to also enjoy my social life and continue climbing whilst still staying on top of all of my studies. Although one other aspect I have realised is that I must add some flexibility to this strategy as some unforeseen events can come and effect this approach severally.",3,"The student describes applying specific techniques (to-do lists, distraction removal, health improvements) in their study context, connecting prior awareness of problems to concrete practical strategies, but does not examine why these strategies work or weigh them against alternatives.",3,"The student connects their emotional experience (stress, injury, social disconnection) to a recognised need for change and notes observed improvements after implementing strategies, but the reflection stays at the level of describing cause-and-effect ('poor management caused these problems, changes improved things') without deeper analysis of contributing factors or alternative perspectives.",3,"The student articulates general lessons about balance and study environment and mentions adding flexibility for unforeseen events, but these remain as stated intentions and broad principles rather than critically justified conclusions about why these are the best approaches.",v4
random,6E674E65696C2049616E34373039353336,Ref1_w7,8.0,22,"Perseverance, urgency and will to deliver, resourcefulness and flexibility","managing time, scheduling completion, time management, manage time, organise time","The outcome of these concerted efforts was highly positive in my first year of teaching in higher education. Proactive steps are taken to manage the dual roles effectively. The flexibility in my teaching schedule during peak academic times was instrumental in maintaining my academic performance. Furthermore, the digital resources were met with positive feedback from students, who found them to be valuable supplements to traditional learning methods. This experience not only underscored the importance of adaptability and proactive problem-solving but also highlighted the value of effective communication and digital innovation in educational settings. The skills and insights gained from this experience are invaluable, reinforcing my ability to manage complex situations and drive positive outcomes in both academic and professional environments.","Throughout this challenging period, my initial feelings were a mix of pride and trepidation. Pride, because being chosen to assist other students as a teaching academic was an honour that recognized my academic abilities and potential to contribute positively to their educational journey. Trepidation, because I was acutely aware of the substantial time and energy demands both roles would require, especially in a rigorous field like engineering. As the semester progressed, the reality of my situation set in. The overlapping schedules and mounting responsibilities led to moments of significant stress and anxiety. There were times when I questioned my capacity to manage both roles without compromising my academic goals or the quality of support I provided my students. However, through these challenges, I also felt a growing sense of resilience and determination. The process of negotiating a more flexible schedule, adapting my teaching methods to be more efficient, and learning to prioritize my commitments forced me to develop new skills and push beyond my perceived limits","This experience was profoundly instructive, teaching me several key lessons: * THE IMPORTANCE OF COMMUNICATION: Engaging in open discussions with professors and the department head was crucial. It taught me that expressing needs and proposing solutions is often met with support and understanding, highlighting the value of transparent communication in resolving conflicts and achieving goals. * FLEXIBILITY AND ADAPTABILITY: Learning to adapt to changing circumstances and to find creative solutions to problems was a significant takeaway. The ability to adjust my teaching schedule and to leverage digital tools for teaching was instrumental in managing my dual responsibilities effectively. This adaptability is a skill I recognize as essential in any professional setting. * TIME MANAGEMENT AND PRIORITIZATION: The experience honed my ability to manage my time efficiently. Planning my week meticulously, prioritizing tasks, and being disciplined about my schedule were practices that not only helped me navigate my academic and teaching responsibilities but also prepared me for managing future professional commitments. * RESILIENCE UNDER PRESSURE: Perhaps the most critical learning was discovering my capacity for resilience. Facing the pressures of academic deadlines and teaching responsibilities, I learned the importance of maintaining a positive outlook, seeking solutions, and persevering in the face of challenges.",2,"The section summarises outcomes using evaluative-sounding language ('instrumental', 'underscored the importance of') but does not weigh alternatives, examine causes, or justify decisions — it restates what happened in positive terms without deeper reasoning.",4,"The writer breaks down their emotional experience into distinct phases (pride, trepidation, stress, resilience) and examines why each arose by linking them to specific situational pressures such as overlapping schedules and the demands of dual roles, demonstrating analysis of contributing factors rather than mere description.",3,"The section connects the experience to specific skills and practices (communication, schedule adjustment, digital tools, weekly planning) and frames them as applicable to future professional contexts, but the lessons are listed as behavioural commitments without critically justifying why these are the best approaches or weighing alternatives.",v4
random,6164756464696E20486173616E20557A61,Ref1_w7,10.0,32,The design process phasing and approaches,"pulley cup, cup unstable, bean drawstring, bean cup, event design","As a result of my team’s meticulous approach towards the design process, we were able to assess different Rube Goldberg Machine ideas, and pick the best one considering time constraints, feasibility and creativity. Additionally, I learnt how to better my communication skills to work effectively with my team and complete the design phases.","When we were given the Rube Goldberg machine brief, the task seemed overwhelming. However, the design processes gave me substantial guidance. The problem definition tailored my contributions in how to design a machine that would solve our ‘clients’ problems. After completing steps of the design process, I became more confident in the success of our design and completing it on time.","This unit has widened my understanding on what the design process involves and how it is used to create a well-thought-out machine. The beginning stages is integral to considering the constraints of the task and evaluating the problems that may be encountered. In addition, I have learnt how each design phase takes patience and communication with my team to create a successful Rube Goldberg design. Thus, in the following weeks, I will continue to improve on my teamworking skills for the betterment of the design process.",2,"The student summarises the outcome of the design process in general terms ('assess different ideas', 'pick the best one') without breaking down how or why those decisions were made.",2,The student describes their emotional shift from feeling overwhelmed to confident but does not examine the underlying assumptions or explore alternative perspectives beyond a surface-level account.,2,"The student restates broad takeaways about the design process and states a future intention to improve teamwork, but does not justify why this is the best course of action or connect insights to specific analytical reasoning.",v4
